Display Name,Mail Nickname,User Principal Name,Password
User 1,user1,user1@3pjv85.onmicrosoft.com,ytZXZObG
User 2,user2,user2@3pjv85.onmicrosoft.com,VElgthuW
User 3,user3,user3@3pjv85.onmicrosoft.com,6559JIy8
User 4,user4,user4@3pjv85.onmicrosoft.com,U5anPdHW
User 5,user5,user5@3pjv85.onmicrosoft.com,SWF9gBNO
User 6,user6,user6@3pjv85.onmicrosoft.com,Ns77jWLh
User 7,user7,user7@3pjv85.onmicrosoft.com,JiAa0Kji
User 8,user8,user8@3pjv85.onmicrosoft.com,ETgT51Mt
User 9,user9,user9@3pjv85.onmicrosoft.com,uNmgZix1
User 10,user10,user10@3pjv85.onmicrosoft.com,URpknTZ0
User 11,user11,user11@3pjv85.onmicrosoft.com,zaR6Y6JZ
User 12,user12,user12@3pjv85.onmicrosoft.com,wx51pGAy
User 13,user13,user13@3pjv85.onmicrosoft.com,eABUm7j5
User 14,user14,user14@3pjv85.onmicrosoft.com,7FEryUIQ
User 15,user15,user15@3pjv85.onmicrosoft.com,FTUj13sI
User 16,user16,user16@3pjv85.onmicrosoft.com,NnQEvCYr
User 17,user17,user17@3pjv85.onmicrosoft.com,5oBtlkLM
User 18,user18,user18@3pjv85.onmicrosoft.com,e6caVcWB
User 19,user19,user19@3pjv85.onmicrosoft.com,C13kthkH
User 20,user20,user20@3pjv85.onmicrosoft.com,qe1ztrFJ
User 21,user21,user21@3pjv85.onmicrosoft.com,ntmAI1zE
User 22,user22,user22@3pjv85.onmicrosoft.com,MrpiYhQl
User 23,user23,user23@3pjv85.onmicrosoft.com,OayHEC87
User 24,user24,user24@3pjv85.onmicrosoft.com,8ywWAGCD
User 25,user25,user25@3pjv85.onmicrosoft.com,JGif3XBH
User 26,user26,user26@3pjv85.onmicrosoft.com,Xvs7CWQN
User 27,user27,user27@3pjv85.onmicrosoft.com,3W9wShjj
User 28,user28,user28@3pjv85.onmicrosoft.com,M46j0smK
User 29,user29,user29@3pjv85.onmicrosoft.com,1rey62uX
User 30,user30,user30@3pjv85.onmicrosoft.com,MAjlOhMg
User 31,user31,user31@3pjv85.onmicrosoft.com,ubQY1KlT
User 32,user32,user32@3pjv85.onmicrosoft.com,hTiG41fk
User 33,user33,user33@3pjv85.onmicrosoft.com,gROcXG3K
User 34,user34,user34@3pjv85.onmicrosoft.com,OnbzSxdo
User 35,user35,user35@3pjv85.onmicrosoft.com,cIfvikpG
User 36,user36,user36@3pjv85.onmicrosoft.com,kHyA86Zy
User 37,user37,user37@3pjv85.onmicrosoft.com,TVernnIw
User 38,user38,user38@3pjv85.onmicrosoft.com,E0iZrrCm
User 39,user39,user39@3pjv85.onmicrosoft.com,GjwFidIj
User 40,user40,user40@3pjv85.onmicrosoft.com,yEmPLKkZ
User 41,user41,user41@3pjv85.onmicrosoft.com,LXzdSebz
User 42,user42,user42@3pjv85.onmicrosoft.com,P8iDBN4D
User 43,user43,user43@3pjv85.onmicrosoft.com,sermdUOy
User 44,user44,user44@3pjv85.onmicrosoft.com,f3sNdkFF
User 45,user45,user45@3pjv85.onmicrosoft.com,l1Mjb5rT
User 46,user46,user46@3pjv85.onmicrosoft.com,6pEVEkGO
User 47,user47,user47@3pjv85.onmicrosoft.com,XNwjoU7m
User 48,user48,user48@3pjv85.onmicrosoft.com,uf7dwX6h
User 49,user49,user49@3pjv85.onmicrosoft.com,6rfZW95O
User 50,user50,user50@3pjv85.onmicrosoft.com,6iGW73Jg
